GROUP,PACKAGE,CLASS,INSTRUCTION_MISSED,INSTRUCTION_COVERED,BRANCH_MISSED,BRANCH_COVERED,LINE_MISSED,LINE_COVERED,COMPLEXITY_MISSED,COMPLEXITY_COVERED,METHOD_MISSED,METHOD_COVERED
prices,com.inditex.prices.infrastructure.exception,GlobalExceptionHandler,4,96,3,7,0,20,3,11,0,9
prices,com.inditex.prices.infrastructure.exception,GlobalExceptionHandler.ErrorResponse,0,15,0,0,0,6,0,3,0,3
prices,com.inditex.prices.application.usecase,GetPriceByDateUseCase,0,34,0,0,0,10,0,3,0,3
prices,com.inditex.prices.application.usecase,UpsertPriceUseCase,0,160,0,22,0,38,0,15,0,4
prices,com.inditex.prices.adapter.in.rest.dto,PriceUpsertRestResponse,0,80,0,0,0,23,0,23,0,23
prices,com.inditex.prices.adapter.in.rest.dto,PriceByDateRestRequest,0,24,0,0,0,7,0,7,0,7
prices,com.inditex.prices.adapter.in.rest.dto,PriceUpsertRestRequest,0,59,0,0,0,17,0,17,0,17
prices,com.inditex.prices.adapter.in.rest.dto,PriceByDateRestResponse,0,52,0,0,0,15,0,15,0,15
prices,com.inditex.prices.infrastructure.persistence.adapter,PriceRepositoryAdapter,0,110,0,0,0,30,0,6,0,6
prices,com.inditex.prices.adapter.in.rest,PriceByDateController,0,38,0,0,0,11,0,2,0,2
prices,com.inditex.prices.adapter.in.rest,PriceUpsertController,0,35,0,2,0,10,0,3,0,2
prices,com.inditex.prices.adapter.in.rest.mapper,PriceRestMapperImpl,0,181,0,8,0,54,0,9,0,5
prices,com.inditex.prices.adapter.in.rest.mapper,PriceRestMapper,0,7,0,2,0,1,0,2,0,1
prices,com.inditex.prices.domain.model,Price,0,129,0,24,0,21,0,19,0,7
prices,com.inditex.prices.domain.model,PriceChangedEvent,0,77,0,0,0,21,0,3,0,3
prices,com.inditex.prices.domain.model,PriceChangeType,0,15,0,0,0,3,0,1,0,1
prices,com.inditex.prices.domain.model,DateRange,0,53,0,12,0,10,0,9,0,3
prices,com.inditex.prices.domain.model,Money,0,55,0,8,0,12,0,6,0,2
prices,com.inditex.prices.infrastructure.messaging,NoOpPriceChangedEventPublisher,0,4,0,0,0,2,0,2,0,2
prices,com.inditex.prices.infrastructure.messaging,KafkaPriceChangedEventPublisher,0,108,0,2,0,19,0,5,0,4
prices,com.inditex.prices.infrastructure.persistence.entity,PriceJpaEntity,0,66,0,0,0,19,0,19,0,19
prices,com.inditex.prices.application.dto,PriceUpsertRequest,0,51,0,0,0,18,0,9,0,9
prices,com.inditex.prices.application.dto,PriceByDateRequest,0,21,0,0,0,8,0,4,0,4
prices,com.inditex.prices.application.dto,PriceUpsertResponse,0,69,0,0,0,24,0,12,0,12
prices,com.inditex.prices.application.dto,PriceByDateResponse,0,45,0,0,0,16,0,8,0,8
prices,com.inditex.prices.application.mapper,PriceApplicationMapper,0,104,0,14,0,30,0,11,0,4
